{"cameraMode":{"drawMode":0,"name":"Shaded","section":"Shading Mode"},"sceneLighting":false,"audioPlay":false,"sceneViewState":{"m_AlwaysRefresh":false,"showFog":true,"showSkybox":false,"showFlares":true,"showImageEffects":true,"showParticleSystems":true,"showVisualEffectGraphs":true,"m_FxEnabled":true},"in2DMode":false,"pivot":{"x":19.871932983398439,"y":-1.5221405029296876,"z":-0.07138115167617798},"rotation":{"x":0.15740430355072022,"y":0.6917099356651306,"z":-0.15854081511497498,"w":0.6867513656616211},"size":20.145647048950197,"orthographic":false}