{"cameraMode":{"drawMode":0,"name":"Shaded","section":"Shading Mode"},"sceneLighting":false,"audioPlay":false,"sceneViewState":{"m_AlwaysRefresh":false,"showFog":true,"showSkybox":false,"showFlares":true,"showImageEffects":true,"showParticleSystems":true,"showVisualEffectGraphs":true,"m_FxEnabled":true},"in2DMode":false,"pivot":{"x":0.09054592251777649,"y":0.8326632976531982,"z":0.050564587116241458},"rotation":{"x":0.06475020945072174,"y":-0.6671695113182068,"z":0.05840615555644035,"w":0.7398065328598023},"size":0.28224074840545657,"orthographic":false}